,Average Fixation Duration [ms],Number of Fixations,Total Fixation Duration [ms],Total Duration [ms],Average Saccade Duration [ms],Number of Saccades,Total Saccade Duration [ms],Relative Fixation/Saccade Duration [%]
participant04_trial01,320.06666666666666,180.0,57612.0,69719.0,39.27536231884058,207.0,8130.0,88/12
participant04_trial02,285.45581395348836,215.0,61373.0,74926.0,33.164556962025316,158.0,5240.0,92/8
Mean participant04,302.7612403100775,197.5,59492.5,72322.5,36.21995964043295,182.5,6685.0,90/10
Standard Deviation participant04,24.473568656137196,24.748737341529164,2659.4286040426055,3681.905009638353,4.320991906315152,34.64823227814083,2043.5385976291223,3
