,Average Fixation Duration [ms],Number of Fixations,Total Fixation Duration [ms],Total Duration [ms],Average Saccade Duration [ms],Number of Saccades,Total Saccade Duration [ms],Relative Fixation/Saccade Duration [%]
participant16_trial01,174.9119804400978,1227.0,214617.0,340546.0,29.992019154030327,1253.0,37580.0,85/15
participant16_trial02,165.91113892365456,799.0,132563.0,220935.0,28.815461346633416,802.0,23110.0,85/15
participant16_trial03,159.49457364341086,645.0,102874.0,166527.0,31.41638225255973,586.0,18410.0,85/15
Mean participant16,166.77256433572109,890.3333333333334,150018.0,242669.33333333334,30.074620917741157,880.3333333333334,26366.666666666668,85/15
Standard Deviation participant16,7.744717450562525,301.55817570301974,57880.32723646265,89022.12659970179,1.302426457903571,340.32974206397733,9991.327906406303,0
