,App,Cap,Gauge,Pad,Pen,Safety,Tip
Hits,143,63,60,16,71,100,31
Total Fixation Time [ms],13879.000000000022,5860.000000000031,5807.999999999998,1400.0000000000146,6710.000000000002,9397.999999999989,2909.999999999989
Average Dwelltime [ms],7786.5,897.1250000000019,1066.166666666666,474.7500000000018,401.40000000000083,693.5999999999992,171.5789473684204
Total Dwelltime [ms],15573.0,7177.0000000000155,6396.999999999996,1899.0000000000073,8028.000000000016,10403.999999999989,3259.9999999999873
Revisits,2,8,6,4,20,15,19
Average Fixation Time [ms],97.05594405594421,93.01587301587351,96.79999999999997,87.50000000000091,94.50704225352115,93.97999999999988,93.87096774193513
Time to First Fixation [ms],23586.0,1209.0,15460.999999999998,35809.0,630.0,5487.0,6886.0
Relative Dwelltime [%],29.52899237741286,13.608783040691746,12.129773597785269,3.6008191436914685,15.222420266221725,19.727710569228993,6.181501004967929
