,App,Cap,Gauge,Pad,Pen,Safety,Tip
Hits,149,43,107,20,36,112,41
Total Fixation Time [s],14.466000000000015,4.060000000000004,10.467000000000004,1.79999999999999,3.4200000000000017,10.668999999999993,3.9099999999999824
Average Dwelltime [s],4.822000000000005,0.6433333333333311,2.0734000000000004,0.42499999999999893,0.4616666666666678,0.6912666666666664,0.5766666666666644
Revisits,3,6,5,4,6,15,6
Average Fixation Time [s],0.09708724832214775,0.09441860465116288,0.0978224299065421,0.0899999999999995,0.09500000000000004,0.09525892857142851,0.09536585365853616
Time to First Fixation [s],20.398,0.8,13.422,33.141,3.2680000000000002,4.907,6.216
Relative Dwelltime [%],29.64830300049192,8.321036235448446,21.452287260206603,3.6891293654697295,7.009345794392528,21.866289555664856,8.013608788325921
