,K-coefficient,start_time
2,0.05377250495789021,20313
4,-1.3349417519792726,32706
6,1.8739617891400084,40671
9,0.20782791061816974,49037
12,-0.46513446084468635,61679
