,K-coefficient,start_time
0,-0.6599988166047832,954
1,0.4061088545105888,1824
2,0.6149174087641813,32226
3,1.9408343949434854,38543
4,0.744189949576121,40671
5,0.16528346850691966,49037
6,0.7904841688215912,51575
7,-0.31528599617098696,62529
