,Cap Off,Apply Tip,Setting Units,Priming,Injection,Remove Tip,Cap On
K-Coefficient per action,"[-0.6599988166047832, 0.4061088545105888]",[],"[0.6149174087641813, 1.9408343949434852]",[],"[0.744189949576121, 0.16528346850691966, 0.7904841688215912]",[],[-0.31528599617098696]
Mean participant03_trial01,-0.1269449810470972,,1.2778759018538333,,0.5666525289682106,,-0.31528599617098696
Outside 2x Stdev,No,,Yes,,No,,No
Focal/Ambient,Ambient,Ambient,Focal,Ambient,Focal,Ambient,Ambient
