,Cap Off,Apply Tip,Setting Units,Priming,Injection,Remove Tip,Cap On
K-Coefficient per action,"[1.8142600445381583, -1.7177722282030627]",[-1.2095587830289],[0.1315154650885279],[],[],"[-0.5501021254841812, -0.13187293040814035]",[0.31952154804297617]
Mean participant04_trial02,0.048243908167547755,-1.2095587830289,0.1315154650885279,,,-0.34098752794616083,0.31952154804297617
Outside 2x Stdev,No,Yes,No,,,No,No
Focal/Ambient,Focal,Ambient,Focal,Ambient,Ambient,Ambient,Focal
