,K-coefficient,start_time
1,0.22115189439218197,3243
6,1.0987542747526065,36304
11,0.526278216580416,60090
