,Cap Off,Apply Tip,Setting Units,Priming,Injection,Remove Tip,Cap On
K-Coefficient per action,"[0.3579973348846299, -0.11749115879001948, -0.3498386301599222]",[],"[-0.452376969386743, 0.3543511101563266]",[0.019264882256295083],[],"[0.15388719752875968, 0.3082400432964767]","[0.6412216605826713, -0.13620752625140736]"
Mean participant03_trial02,-0.036444151355103926,,-0.0490129296152082,0.019264882256295083,,0.2310636204126182,0.252507067165632
Outside 2x Stdev,No,,No,No,,No,No
Focal/Ambient,Ambient,Ambient,Ambient,Focal,Ambient,Focal,Focal
