,K-coefficient,start_time
1,-0.08890136564945939,3783
5,0.13716122132765285,21942
7,-0.4787316018922633,23371
11,0.36456430033108084,63588
