,Average Fixation Duration [ms],Number of Fixations,Total Fixation Duration [ms],Total Duration [ms],Average Saccade Duration [ms],Number of Saccades,Total Saccade Duration [ms],Relative Fixation/Saccade Duration [%]
participant03_trial01,180.70632911392406,395.0,71379.0,136934.0,32.87187039764359,679.0,22320.0,76/24
participant03_trial03,160.8970099667774,301.0,48430.0,88113.0,33.211009174311926,327.0,10860.0,82/18
Mean participant03,170.80166954035073,348.0,59904.5,112523.5,33.04143978597776,503.0,16590.0,79/21
Standard Deviation participant03,14.007303899635914,66.46803743153546,16227.39352145008,34521.660164308436,0.23980732874548988,248.90158697766472,8103.443712397835,4
