,participant03,participant04,Mean group_easy
group_easy,0.2693607367275482,0.2071989263028144,0.23827983151518128
