,participant04,participant03
trial01,1.001093955598524,0.0670971983784219
trial02,4.101206883425398,-0.016476861470747256
mean,2.551150419511961,0.025310168453837323
