,Average Fixation Duration [ms],Number of Fixations,Total Fixation Duration [ms],Total Duration [ms],Time to First Fixation [ms],Average Saccade Duration [ms],Number of Saccades,Total Saccade Duration [ms],Relative Fixation/Saccade Duration [%]
Mean participant04,302.7612403100775,197.5,59492.5,72322.5,300.0,36.21995964043295,182.5,6685.0,90/10
Mean participant03,329.9044167687492,172.0,56381.5,70779.0,415.0,37.656206088992974,179.0,6740.0,89/11
Mean group_easy,316.3328285394133,184.75,57937.0,71550.75,357.5,36.93808286471296,180.75,6712.5,90/10
Standard Deviation group_easy,19.193124136869812,18.031222920256962,2199.8091962713493,1091.419316761436,81.31727983645297,1.0155796032318911,2.4748737341529163,38.890872965260115,1
