,participant01_trial01,participant01_trial02,Mean participant01
participant01,-0.2132703537192978,-0.41630289351991223,-0.314786623619605
