,Cap Off,Apply Tip,Setting Units,Priming,Injection,Remove Tip,Cap On
Mean participant01_trial01,-0.4392103990349914,0.05228651051469657,,0.415524421357113,-0.6095287220044234,,-0.03824775977368125
Mean participant01_trial02,0.3725035023627491,0.7000357758798604,-0.9059051736117096,,-0.5804111188934632,,-1.36162234242207
Mean participant01,-0.03335344833612114,0.3761611431972785,-0.9059051736117096,0.415524421357113,-0.5949699204489434,,-0.6999350510978756
Outside 2x Stdev,No,No,Yes,No,No,No,No
Focal/Ambient,Ambient,Ambient,ambient,Ambient,Ambient,Ambient,Ambient
