,App,Cap,Gauge,Pad,Pen,Safety,Tip
Hits,169,40,52,16,34,74,14
Total Fixation Time [s],16.553999999999995,3.6600000000000126,4.950000000000003,1.4300000000000068,3.169999999999987,6.999000000000011,1.2799999999999834
Average Dwelltime [s],8.276999999999997,0.8650000000000024,0.6087500000000006,0.615000000000002,0.34749999999999875,0.8248750000000007,0.4199999999999964
Revisits,2,4,8,2,8,8,2
Average Fixation Time [s],0.09795266272189346,0.09150000000000032,0.09519230769230774,0.08937500000000043,0.09323529411764668,0.09458108108108122,0.09142857142857024
Time to First Fixation [s],15.651,0.82,11.273,29.443,0.32,3.388,13.072000000000001
Relative Dwelltime [%],43.51391846068922,9.620692374418455,13.011592145729841,3.7589043976553036,8.33267618221483,18.397602712719852,3.36461372657252
