,K-coefficient,start_time
3,0.36161015900488447,20433
6,-1.8003352675598725,33046
8,0.3499554666783897,33166
10,0.696884904614469,64128
12,-0.12331912808181383,64628
