,Cap Off,Apply Tip,Setting Units,Priming,Injection,Remove Tip,Cap On
K-Coefficient per action,"[0.3404770409843345, -1.2188978390543173]",[0.05228651051469657],[],[0.415524421357113],"[-1.746421005207644, 0.5273635611987972]",[],"[0.19960657003253407, -0.27610208957989657]"
Mean participant01_trial01,-0.4392103990349914,0.05228651051469657,,0.415524421357113,-0.6095287220044234,,-0.03824775977368125
Outside 2x Stdev,No,No,,No,No,,No
Focal/Ambient,Ambient,Focal,Ambient,Focal,Ambient,Ambient,Ambient
