,participant02,participant01,Mean group_difficult
group_difficult,0.20499969115265967,-0.314786623619605,-0.054893466233472674
