,participant01,participant02
trial01,-0.10304077306878864,0.6153947952417348
trial02,-0.6804410748138692,-1.5287895353479235
mean,-0.3917409239413289,-0.45669737005309435
