,App,Cap,Gauge,Pad,Pen,Safety,Tip
Hits,152,19,76,31,77,83,74
Total Fixation Time [s],14.906999999999996,1.7500000000000144,7.108000000000002,2.9100000000000037,6.870000000000022,8.05800000000002,7.069999999999988
Average Dwelltime [s],7.403500000000001,0.31200000000000216,1.3816,1.3150000000000013,0.40266666666666856,0.5185333333333345,0.6899999999999986
Revisits,2,5,5,2,15,15,10
Average Fixation Time [s],0.0980723684210526,0.0921052631578955,0.09352631578947372,0.09387096774193561,0.08922077922077952,0.09708433734939782,0.09554054054054037
Time to First Fixation [s],21.697,1.819,13.732000000000001,33.171,0.85,5.047,11.703
Relative Dwelltime [%],30.626836233640788,3.595422513508542,14.603578986296291,5.978674008177019,14.114601524459177,16.555379779343806,14.525506954574363
