,App,Cap,Gauge,Pad,Pen,Safety,Tip
Average Dwelltime [ms],0.0,0.0,1978.9999999999964,0.0,500.0,0.0,0.0
Average Fixation Time [ms],0.0,0.0,93.63157894736814,0.0,88.0,0.0,0.0
Hits,0.0,0.0,19.0,0.0,5.0,0.0,0.0
Relative Dwelltime [%],0.0,0.0,79.8305768455022,0.0,20.169423154497814,0.0,0.0
Revisits,0.0,0.0,1.0,0.0,1.0,0.0,0.0
Total Dwelltime [ms],0.0,0.0,1978.9999999999964,0.0,500.0,0.0,0.0
Total Fixation Time [ms],0.0,0.0,1778.9999999999945,0.0,440.0,0.0,0.0
