,App,Cap,Gauge,Pad,Pen,Safety,Tip
Hits,184,22,55,12,64,89,44
Total Fixation Time [s],17.74699999999999,2.0800000000000125,5.109,1.1399999999999935,5.820000000000009,8.668999999999981,4.220000000000017
Average Dwelltime [s],8.873499999999995,0.5200000000000031,1.476333333333334,0.4400000000000013,0.9050000000000011,0.5834999999999982,0.44000000000000167
Revisits,2,4,3,2,6,14,9
Average Fixation Time [s],0.09645108695652169,0.09454545454545511,0.0928909090909091,0.09499999999999946,0.09093750000000014,0.09740449438202226,0.09590909090909129
Time to First Fixation [s],19.529,63.283,13.612,34.8,0.32,5.067,11.833
Relative Dwelltime [%],39.627107290387386,4.644412191582031,11.407837445573296,2.5454951434631985,12.995422574522742,19.35692754270399,9.42279781176737
