,participant04_trial01,participant04_trial02,Mean participant04
participant04,0.6063991396705748,-0.192001287064946,0.2071989263028144
