,Cap Off,Apply Tip,Setting Units,Priming,Injection,Remove Tip,Cap On
Mean participant04_trial01,-0.3933571325942796,0.16842199078909442,1.5118881597537075,1.0204839174052232,-1.6392896487892217,2.1872623910473505,-1.0196485067639227
Mean participant04_trial02,0.048243908167547755,-1.2095587830289,0.1315154650885279,,,-0.34098752794616083,0.31952154804297617
Mean participant04,-0.17255661221336593,-0.5205683961199028,0.8217018124211177,1.0204839174052232,-1.6392896487892217,0.9231374315505949,-0.3500634793604733
Outside 2x Stdev,No,No,No,Yes,Yes,No,No
Focal/Ambient,Ambient,Ambient,Ambient,ambient,ambient,Ambient,Ambient
