,App,Cap,Gauge,Pad,Pen,Safety,Tip
Hits,141,39,78,20,72,88,56
Total Fixation Time [s],13.727000000000007,3.5999999999999597,7.537999999999995,1.7700000000000102,6.5099999999999865,8.475999999999988,5.197999999999983
Average Dwelltime [s],6.863500000000004,0.5142857142857086,1.8594999999999984,0.8050000000000033,0.46692307692307633,0.7835999999999992,0.5119999999999981
Revisits,2,7,4,2,13,10,9
Average Fixation Time [s],0.09735460992907807,0.09230769230769127,0.09664102564102557,0.08850000000000051,0.09041666666666648,0.09631818181818169,0.09282142857142826
Time to First Fixation [s],20.978,2.039,14.382,33.311,0.9590000000000001,6.296,7.066
Relative Dwelltime [%],29.319293449240764,7.689186014224922,16.100301159785573,3.780516456993984,13.904611375723528,18.103761293491967,11.102330250539294
