,K-coefficient,start_time
4,1.116428534026768,13417
6,0.38251171687880703,13607
8,0.42182606935844025,13757
11,-1.5732609879776462,42250
16,-4.391617503631486,68935
18,-0.03853427753809824,69565
