,Cap Off,Apply Tip,Setting Units,Priming,Injection,Remove Tip,Cap On
K-Coefficient per action,"[0.29703504937108416, 0.2247530037004852, 0.5957224540166779]","[1.0187648322221017, 0.3813067195376192]",[-0.9059051736117096],[],"[0.6815633853243004, -1.8423856231112268]",[],"[-0.6102797804271833, -0.35533104415372796, -4.516840835282862, 0.035962290175493405]"
Mean participant01_trial02,0.3725035023627491,0.7000357758798604,-0.9059051736117096,,-0.5804111188934632,,-1.36162234242207
Outside 2x Stdev,No,No,Yes,,No,,Yes
Focal/Ambient,Focal,Focal,Ambient,Ambient,Ambient,Ambient,Ambient
