,Average Fixation Duration [ms],Number of Fixations,Total Fixation Duration [ms],Total Duration [ms],Time to First Fixation [ms],Average Saccade Duration [ms],Number of Saccades,Total Saccade Duration [ms],Relative Fixation/Saccade Duration [%]
participant02_trial01,328.05696202531647,158.0,51833.0,63453.0,320.0,36.064516129032256,155.0,5590.0,90/10
participant02_trial02,322.2049689440994,161.0,51875.0,67991.0,280.0,34.76190476190476,147.0,5110.0,91/9
participant02_trial03,304.0430107526882,186.0,56552.0,72718.0,280.0,37.540983606557376,183.0,6870.0,89/11
Mean participant02,318.10164724070137,168.33333333333334,53420.0,68054.0,293.3333333333333,36.122468165831464,161.66666666666666,5856.666666666667,90/10
Standard Deviation participant02,12.521797022880715,15.37313674346694,2712.472857007052,4632.821278659474,23.09401076758503,1.3904454808175015,18.903262505010435,909.7985124923723,1
