,Cap Off,Apply Tip,Setting Units,Priming,Injection,Remove Tip,Cap On
Mean participant03_trial01,-0.1269449810470972,,1.2778759018538333,,0.5666525289682106,,-0.31528599617098696
Mean participant03_trial02,-0.036444151355103926,,-0.0490129296152082,0.019264882256295083,,0.2310636204126182,0.252507067165632
Mean participant03,-0.08169456620110056,,0.6144314861193125,0.019264882256295083,0.5666525289682106,0.2310636204126182,-0.03138946450267749
Outside 2x Stdev,No,No,No,No,No,No,No
Focal/Ambient,Ambient,Ambient,Ambient,Ambient,Ambient,Ambient,Ambient
