,participant03_trial01,participant03_trial02,Mean participant03
participant03,0.46081667904338963,0.07790479441170672,0.2693607367275482
