,Average Fixation Duration [ms],Number of Fixations,Total Fixation Duration [ms],Total Duration [ms],Average Saccade Duration [ms],Number of Saccades,Total Saccade Duration [ms],Relative Fixation/Saccade Duration [%]
Mean group_difficult,238.19751611785077,478.19047619047615,107134.57142857143,157191.38095238092,32.800629950015896,539.0714285714286,17559.40476190476,86/14
Mean group_easy,202.305012978157,317.33333333333337,60256.9880952381,94473.4880952381,31.872217523210367,335.35714285714283,10650.714285714286,85/15
Mean All Groups,220.2512645480039,397.76190476190476,83695.77976190476,125832.43452380951,32.33642373661313,437.21428571428567,14105.059523809523,86/14
Standard Deviation All Groups,25.379832363836904,113.74317651657887,33147.457060637484,44348.24734101701,0.656486722732049,144.04775285314525,4885.181884833202,1
