,Average Fixation Duration [ms],Number of Fixations,Total Fixation Duration [ms],Total Duration [ms],Average Saccade Duration [ms],Number of Saccades,Total Saccade Duration [ms],Relative Fixation/Saccade Duration [%]
Mean group_difficult,317.18350116184297,171.5,54290.0,67673.25,36.10633255743092,172.5,6310.0,89/11
Mean group_easy,316.3328285394133,184.75,57937.0,71550.75,36.93808286471296,180.75,6712.5,90/10
Mean All Groups,316.75816485062813,178.125,56113.5,69612.0,36.52220771107194,176.625,6511.25,90/10
Standard Deviation All Groups,0.6015163798897631,9.369164850721754,2578.8184309873386,2741.806544050838,0.5881362825331272,5.833630944789017,284.6104794275854,1
