,group_difficult,group_easy,Mean All Groups
All Groups,-0.054893466233472674,0.23827983151518128,0.0916931826408543
