,Cap Off,Apply Tip,Setting Units,Priming,Injection,Remove Tip,Cap On
Mean group_difficult,0.10491450362330029,-0.052994424598400425,0.045459318812166916,-0.20593983303233732,-0.07166180198090383,1.6791115200434843,-0.5058610446051053
Mean group_easy,-0.12712558920723324,-0.5205683961199028,0.7180666492702151,0.5198743998307591,-0.5363185599105056,0.5771005259816065,-0.19072647193157538
Mean All Groups,-0.011105542791966475,-0.2867814103591516,0.381762984041191,0.1569672833992109,-0.30399018094570474,1.1281060230125455,-0.3482937582683403
Outside 2x Stdev,No,No,No,No,No,Yes,No
Focal/Ambient,ambient,ambient,Focal,Focal,ambient,Focal,ambient
