,Average Fixation Duration [ms],Average Saccade Duration [ms],Number of Fixations,Number of Saccades,Relative Fixation/Saccade Duration [%],Total Duration [ms],Total Fixation Duration [ms],Total Saccade Duration [ms]
Mean participant02,211.01136363636363,25.108695652173914,15.5,13.5,92/8,4492.5,3220.0,340.0
Mean participant01,175.16018306636155,32.336956521739125,21.0,15.5,87/13,4747.0,3645.0,575.0
Mean group_difficult,193.0857733513626,28.72282608695652,18.25,14.5,90/10,4619.75,3432.5,457.5
Standard Deviation group_difficult,25.35061289459186,5.111152277054932,3.8890872965260113,1.4142135623730951,4,179.95867581197635,300.5203820042827,166.17009357883867
