,Average Fixation Duration [ms],Number of Fixations,Total Fixation Duration [ms],Total Duration [ms],Time to First Fixation [ms],Average Saccade Duration [ms],Number of Saccades,Total Saccade Duration [ms],Relative Fixation/Saccade Duration [%]
Mean participant02,318.10164724070137,168.33333333333334,53420.0,68054.0,293.3333333333333,36.122468165831464,161.66666666666666,5856.666666666667,90/10
Mean participant01,324.74596548758876,175.0,56554.333333333336,69363.0,396.6666666666667,37.123445970071735,187.66666666666666,7050.0,89/11
Mean group_difficult,321.4238063641451,171.66666666666669,54987.16666666667,68708.5,345.0,36.6229570679516,174.66666666666666,6453.333333333334,90/10
Standard Deviation group_difficult,4.698242488735589,4.71404520791031,2216.3083544990373,925.6027765731907,73.06770072260994,0.7077981931955164,18.384776310850235,843.8140922159464,1
