,K-coefficient,start_time
0,0.5957607094272315,1544
1,0.7736431057857187,3453
2,-1.328497853416031,13777
3,-1.381766854866354,38373
4,-0.3020237872928514,60520
5,0.2146675725150778,61060
