,Cap Off,Apply Tip,Setting Units,Priming,Injection,Remove Tip,Cap On
K-Coefficient per action,"[0.5957607094272315, 0.7736431057857187]",[-1.328497853416031],[-1.381766854866354],[],[],[],"[-0.3020237872928514, 0.2146675725150778]"
Mean participant02_trial02,0.6847019076064751,-1.328497853416031,-1.381766854866354,,,,-0.043678107388886805
Outside 2x Stdev,No,Yes,Yes,,,,No
Focal/Ambient,Focal,Ambient,Ambient,Ambient,Ambient,Ambient,Ambient
