,K-coefficient,start_time
2,-1.423227058396314,3623
4,-1.6343520122995332,16795
