,Average Fixation Duration [ms],Number of Fixations,Total Fixation Duration [ms],Total Duration [ms],Time to First Fixation [ms],Average Saccade Duration [ms],Number of Saccades,Total Saccade Duration [ms],Relative Fixation/Saccade Duration [%]
participant01_trial01,314.6111111111111,180.0,56630.0,69200.0,320.0,32.576687116564415,163.0,5310.0,91/9
participant01_trial02,303.86096256684493,187.0,56822.0,70049.0,320.0,41.022222222222226,225.0,9230.0,86/14
Mean participant01,309.236036838978,183.5,56726.0,69624.5,320.0,36.79945466939332,194.0,7270.0,88/12
Standard Deviation participant01,7.601502934413289,4.949747468305833,135.7645019878171,600.3336572273788,0.0,5.971895143959683,43.840620433565945,2771.8585822512664,4
