,Cap Off,Apply Tip,Setting Units,Priming,Injection,Remove Tip,Cap On
K-Coefficient per action,[-0.3933571325942796],[0.16842199078909442],[1.5118881597537075],"[1.4445051745591382, 0.04638265353034216, 1.5705639241261888]",[-1.6392896487892217],"[0.8793199672947142, 3.4952048147999872]",[-1.0196485067639227]
Mean participant04_trial01,-0.3933571325942796,0.16842199078909442,1.5118881597537075,1.0204839174052232,-1.6392896487892217,2.1872623910473505,-1.0196485067639227
Outside 2x Stdev,No,No,Yes,Yes,Yes,Yes,Yes
Focal/Ambient,Ambient,Focal,Focal,Focal,Ambient,Focal,Ambient
