,K-coefficient,start_time
4,-0.1102683015813663,23881
6,2.109181703478186,25900
12,1.0043684648987528,52754
